,Unnamed: 0,Similarity_Score,Text1,Text2,Group,Date1,Date2,Publisher1,Publisher2,ID1,ID2,proper_nouns1,proper_nouns2,keywords1,keywords2,id
1,2,0.71972203,"In Haarlem Alle politici zijn standwerkers, maar Thierry Baudet houdt dus ineens van Nederlandstalige rap; VERSLAGGEVERSCOLUMN Thierry Baudet draagt een pet en houdt van Nederlandstalige rap sommige dingen veranderen sneller en onverwachter dan de winter in de lente. Zijn Latijn is ingeruild voor de taal van rapper Duncan, die in het voorprogramma staat van alweer een event ondanks de coronaregels houdt Forum voor Democratie tweemaal daags een verkiezingsoptreden bij u in de buurt, dat bij de betreffende autoriteiten is aangemeld als demonstratie. Duncan rapt Niemand trekt z'n bek open ik doe dit voor de mensen die opstaan en het durven te zeggen er is hier veel te veel mis maar niemand wilt 't beseffen. Thierry Baudet, de ooit over z'n vleugel gevouwen politicus die de prelude van Parsifal prefereerde en een afschuw had van het moderne, nodigde rapper Duncan uit in de Tweede Kamer en zo ontstond de single Vrijheid, doorregen met samples van Thierry Baudet en zijn nieuwe bestie, Wybren van Haga, ook geen man bij wie je een passie voor hiphop vermoedt. Ze zeggen nu dat ik een gekkie ben maar deze lockdown is niet praktisch en niet effici nt.","kruiswoordtest 5898; Horizontaal 1deze Europeanen boeken massaal mediterrane vakanties na 17 mei, meldde Trouw vorige week 7 5hoeveel spelers blijven er over als een voetbalelftal waarvan de oudste drie 27 zijn, buiten gaat sporten? 4 10voor welk horlogemerk maakt Roger Federer voor miljoenen euro's per jaar reclame? 5 11zeerovers leiders van een partij die zeggen dat ze socialer zijn dan de SP en liberaler dan de VVD 7 12godin van de wraak of, figuurlijk, de wrekende gerechtigheid 7, anagram van nee, miss 14minister aan wie Nederland de Mammoetwet dankt 4 16verbeterde of geactualiseerde versie leenwoord uit het Engels, 6 18couplet, strofe achtregelig, met rijmschema abababcc 6, anagr. Ans zat 20..... et avoir, Franse film uit 2002 over een dorpsschooltje 4 21onderzoek van 't parlement, naar 't toeslagenschandaal bijvoorbeeld 7 24begraafplaats taalkundige die op YouTube zeventiende-eeuws Hollands laat horen 7 25taal van de band Altin G n die de oprichter ervan zelf niet verstaat 5 27leesteken dat in krantenkoppen meestal ontbreekt 4 28hoe oud worden Serena Williams en Roger Federer dit jaar? 7. Connie Breukhoven 5 23(1 prik tegen 4 ziekten afk. Oplossing 5897.",high,2021-03-01 00:00:00,2021-03-01 00:00:00,De Volkskrant,Trouw,3285233,3285386,"Baudet, VERSLAGGEVERSCOLUMN, Baudet, Forum voor Democratie, Baudet, Parsifal, Thierry Baudet, Wybren van Haga","Roger Federer voor miljoenen, SP, VVD, 18couplet, Altin G, Serena Williams, Roger Federer, Connie Breukhoven","['parsifal', 'lockdown', 'ingeruild', 'verslaggeverscolumn', 'thierry']","['europeanen', 'geactualiseerde', 'anagr', 'williams', '11zeerovers']",3285233_3285386
3,4,0.635099,"Het geld van de gemeenten raakt op, en dat gaat iedereen merken; Gemeentefinanci n Slechts twaalf gemeenten staan onder curatele, maar uit 336 toezichtbrieven blijkt dat vrijwel alle gemeenten financi le problemen hebben.,Wat is het nieuws? 120 van de 355 gemeenten hebben geen sluitende begroting voor 2021 kunnen maken. Vrijwel alle andere gemeenten hebben moeten bezuinigen of de lasten moeten verhogen om tot 2024 sluitende begrotingen te maken. 12 gemeenten staan onder curatele van de provincie. Maar dat cijfer verhult volgens provinciale en gemeentelijke politici de problemen van veel lokale overheden. Provincies waarschuwen dat gemeenten extra kosten moeten maken vanwege de coronacrisis. Ook voor nieuw beleid zoals het klimaatakkoord hebben gemeenten geld nodig. Lees het volledige nieuwsbericht Derde van gemeenten in geldnood Speeltuinen, bibliotheken, zwembaden, de muziekschool en het enige theater in de regio. Johan Hamster, wethouder Financi n ChristenUnie van Stadskanaal, bezuinigt al tien jaar op alles wat los en vast zit. Ook over de eigen ambtenaren en het welzijnswerk is de kaasschaaf gegaan, vertelt hij. Alleen door de lasten voor inwoners te verzwaren, lukte het de gemeente voorzieningen open te houden. Tot dit jaar. Het ging de gemeenteraad te ver.","kruiswoordtest 5898; Horizontaal 1deze Europeanen boeken massaal mediterrane vakanties na 17 mei, meldde Trouw vorige week 7 5hoeveel spelers blijven er over als een voetbalelftal waarvan de oudste drie 27 zijn, buiten gaat sporten? 4 10voor welk horlogemerk maakt Roger Federer voor miljoenen euro's per jaar reclame? 5 11zeerovers leiders van een partij die zeggen dat ze socialer zijn dan de SP en liberaler dan de VVD 7 12godin van de wraak of, figuurlijk, de wrekende gerechtigheid 7, anagram van nee, miss 14minister aan wie Nederland de Mammoetwet dankt 4 16verbeterde of geactualiseerde versie leenwoord uit het Engels, 6 18couplet, strofe achtregelig, met rijmschema abababcc 6, anagr. Ans zat 20..... et avoir, Franse film uit 2002 over een dorpsschooltje 4 21onderzoek van 't parlement, naar 't toeslagenschandaal bijvoorbeeld 7 24begraafplaats taalkundige die op YouTube zeventiende-eeuws Hollands laat horen 7 25taal van de band Altin G n die de oprichter ervan zelf niet verstaat 5 27leesteken dat in krantenkoppen meestal ontbreekt 4 28hoe oud worden Serena Williams en Roger Federer dit jaar? 7. Connie Breukhoven 5 23(1 prik tegen 4 ziekten afk. Oplossing 5897.",medium,2021-03-01 00:00:00,2021-03-01 00:00:00,NRC Handelsblad,Trouw,3285637,3285386,"Gemeentefinanci n Slechts, Johan Hamster, Financi","Roger Federer voor miljoenen, SP, VVD, 18couplet, Altin G, Serena Williams, Roger Federer, Connie Breukhoven","['welzijnswerk', 'bezuinigt', '2024', 'zit', 'verhult']","['europeanen', 'geactualiseerde', 'anagr', 'williams', '11zeerovers']",3285637_3285386
35,36,0.867754,"Verkiezingsdebat: Jetten zegt niet op wie hij stemt; D66-fractieleider Rob Jetten gaat stemmen op een kandidaat die heel creatief campagne heeft gevoerd . Dat is een oproep aan alle D66-kandidaten dat ze mijn stem nog kunnen winnen. Hij zei dit in het verkiezingsdebat van WNL in antwoord op de vraag van presentator Rick Nieman of hij op zichzelf of op lijsttrekker Sigrid Kaag gaat stemmen. Nieman zei pas op, dat zei Ruud Lubbers ook. Hij verwees daarmee naar de uitspraak van oud-premier Lubbers in de verkiezingscampagne van 1994 dat hij niet op CDA-lijsttrekker Brinkman ging stemmen, een moment dat de leiderschapscrisis in het CDA scherp aan het licht bracht. Jetten vond die vergelijking niet van toepassing. Hij zei er alle vertrouwen in te hebben dat Kaag op eigen kracht voldoende stemmen zal halen. Wij zien deze campagne ook echt als teamwork. Bij WNL op Zondag was vanochtend het eerste tv-verkiezingsdebat. De nummers 2 van de VVD Van Ark, de PVV Fleur Agema, het CDA Pieter Omtzigt, D66 Rob Jetten en de SP Renske Leijten en de nummer 3 van de PvdA Henk Nijboer traden met elkaar in het strijdperk. Iedere partij bracht een stelling in en mocht die als eerste een minuut verdedigen.","Lijsttrekkers: alle ballen op Rutte; Lijsttrekkers alle ballen op Rutte V.l.n.r . Wopke Hoekstra CDA, Mark Rutte VVD, Geert Wilders PVV, Lilian Marijnissen SP, Jesse Klaver GL en Sigrid Kaag D66 voorafgaand aan het RTL Verkiezingsdebat. Foto ANP/HH Premier doelwit concurrenten in RTL-debat Van onze parlementaire redactie Den Haag Alle ballen op Mark Rutte. Dat lijkt in aanloop naar de verkiezingen de strategie te zijn van veel politieke partijen. Ook bij het verkiezingsdebat van RTL Nieuws kozen veel lijsttrekkers zondagavond voor die koers. Meteen al bij de eerste stelling over corona en de druk op ziekenhuizen gaan PVV, SP en D66 voor de schenen van de premier. In die vliegende tackle wordt meteen CDA meegenomen. Geert Wilders PVV verwijt het zijn twee grootste concurrenten dat zij de zorg hebben verwaarloosd, net als Lilian Marijnissen SP die eveneens treurt om de staat van de zorg. Sigrid Kaag D66 gooit het over een andere boeg en wijst er fijntjes op dat VVD en CDA ooit hebben overwogen om de politiek te laten besluiten wat er moet gebeuren als coronapati nten de ic ’s overspoelen. Zenuwen Het debat van RTL Nieuws liep niet bepaald vlekkeloos. Mark Rutte Zo vreemd.",high,2021-02-28 13:27:28,2021-03-01 00:00:00,NOS nieuws,De Telegraaf,3287516,3286373,"WNL, Rick Nieman, Sigrid Kaag, Nieman, Brinkman, CDA, WNL, VVD, Van Ark, PVV, Agema, CDA Pieter Omtzigt, D66, SP, Henk Nijboer","Wopke Hoekstra, CDA, Mark Rutte, VVD, Geert Wilders, PVV, Lilian Marijnissen, SP, Jesse Klaver, Sigrid, RTL, Foto ANP/HH, Mark Rutte, Ook, RTL Nieuws, PVV, SP, D66 voor de schenen van de premier, CDA, Geert Wilders, PVV, Lilian Marijnissen, SP, Sigrid Kaag, VVD, CDA, RTL Nieuws, Mark Rutte","['leiderschapscrisis', 'omtzigt', 'verkiezingsdebat', 'lubbers', 'ruud']","['coronapati', 'marijnissen', 'rtl', 'verkiezingsdebat', 'schenen']",3287516_3286373
54,55,0.7974415,"Scholen vragen zich af: waar blijven de sneltests?; Met de opening van de basisscholen drie weken geleden zouden ook sneltests beschikbaar komen voor de veiligheid van het personeel. Maar waar blijven ze? CNV Onderwijs vindt dat scholen aan het lijntje worden gehouden. Vandaag beginnen pilots op basisscholen met sneltests, maar het gaat nog maanden duren voor de resultaten daarvan beschikbaar zijn. In december werden deze tests ons al beloofd, zegt een woordvoerder van de vakbond. In dit tempo wordt het niks. De tijd tikt door. Zeker nu vorige week bekend werd dat op basisschool Oostelijke Eilanden in Amsterdam 40 leerlingen en 12 medewerkers besmet raakten, en dat het hierbij vooral kleuters en hun leerkrachten betrof, neemt de onrust op basisscholen toe. Kleuters werden als de meest risicoloze leerlingen beschouwd als het gaat om coronabesmettingen. Zij mochten aanvankelijk zelfs met snottebellen naar school komen. Of de Amsterdamse leerlingen besmet zijn met de meer besmettelijke Britse variant is nog niet bekend. Behalve CNV Onderwijs vinden ook lerarenvakbond AOb en de Algemene Vereniging Schoolleiders AVS dat er nu echt tempo gemaakt moet worden met gewone en kindvriendelijke sneltesten, maar ook met vaccinatie van leerkrachten.","Wekdienst 1/3: Verkiezingsprogramma's doorgerekend • Mbo-studenten naar school; Goedemorgen ! De verkiezingsprogramma's zijn doorgerekend, wat komt daar uit? En mbo-studenten en middelbare scholieren mogen vanaf vandaag weer naar school. Het weer vanochtend start de dag op veel plaatsen grijs met mist en lage bewolking. In de loop van de dag breekt de zon soms door, maar het noorden houdt lang last van hardnekkige wolkenvelden. De temperatuur ligt tussen 8 graden in het noorden en 12 graden in het zuidoosten. Daarbij staat een zwakke tot matige oostelijke wind. Later op de dag en in de nacht is het vooral in het noorden weer grijs. In het zuiden kunnen mistbanken ontstaan bij temperaturen rond het vriespunt. Ga je de weg op? Hier vind je het overzicht van de werkzaamheden. Check hier de dienstregeling voor het spoor. Wat kun je vandaag verwachten? Het Centraal Planbureau en Planbureau voor de Leefomgeving presenteren hun analyse en doorrekening van de verkiezingsprogramma's wat zijn de gevolgen voor de overheidsfinanci n en voor de klimaatdoelen? Alle mbo-studenten mogen vandaag weer n dag per week naar school voor lessen. Ook middelbare scholen gaan weer fysiek lesgeven. FvD-leider Baudet is de eerste.",high,2021-03-01 00:00:00,2021-03-01 07:00:58,Trouw,NOS nieuws,3285335,6290568,"CNV, Kleuters, CNV, AOb, Algemene Vereniging Schoolleiders AVS","Planbureau, Baudet","['sneltesten', 'sneltests', 'amsterdamse', 'schoolleiders', 'snottebellen']","['wolkenvelden', 'klimaatdoelen', 'vriespunt', 'verkiezingsprogramma', 'leefomgeving']",3285335_6290568
61,62,0.72106206,"Esther Ouwehand had niets met de plek waar ze opgroeide; De bouw is typisch eind jaren 70, toen in heel Nederland buiten de oude woonkernen nieuwe wijken verschenen nog ver voordat in 1991 het begrip Vinex zou ontstaan. Rijtjeswoningen op vaak doodlopende woonerven aan smalle, slingerende straten waar de auto's niet te hard kunnen rijden. Huizen in verschillende stijlen, per wijk veranderend. Groene parken en perken, met een beetje geluk wat water. Een school, een winkelcentrum. En dan de straatnamen. Esther Ouwehand kwam met haar broer, zus en ouders terecht in een buurt waar de straten Mars, Pallas, Uranus en Neptunus heten. In de volgende buurt luisteren ze naar de namen Pollux, Castor en Orion. Iets meer richting zee ligt een wijk waar de mensen wonen aan Weegschaal, Boogschutter en Waterman. En bij het sportpark heten ze Krab, Kreeft en Koraal. Welkom in Rijnsoever, ofwel Katwijk-Noord, de wijk die naast Katwijk aan Zee en Katwijk aan de Rijn in de Hoornespolder vanaf die jaren 70 de derde grote woonkern van het Zuid-Hollandse dorp zou worden. Behalve in Katwijk.","Lezersreacties; Vertaling Als schrijfster kan Marieke Lucas Rijneveld zich als geen ander inleven in een ander. Tot mijn verdriet geeft ze de opdracht terug voor de vertaling van het beroemd geworden gedicht The Hill We Climb Trouw, 27 februari. Uitgever, laat haar de vertaling afmaken, want ze is er al lang mee verbonden in haar hoofd of op papier. En zet een tweede kandidaat naast haar. Geef beide vertalingen naast elkaar uit en de lezer beslist welke gekozen wordt. Laten we nooit iemand buitensluiten om kleur, ras, etniciteit of wat dan ook. Toos Scheffer Tytsjerk Smet? Geen grote kop op de voorpagina nu de rechter in hoger beroep de regering alsnog in het gelijk stelt over de avondklok Trouw, 27 februari. En geen excuses voor eerdere artikelen waarin op basis van de uitspraak van de voorzieningenrechter die Viruswaarheid in het gelijk stelde, werd gesproken van de smet op het blazoen van Rutte. In plaats daarvan een wat weggestopt bericht over het hoger beroep. Frank Hendriks Nijmegen Kaag Dank voor het mooie interview met D66-lijsttrekker Sigrid Kaag Trouw, 27 februari.",high,2021-03-01 00:00:00,2021-03-01 00:00:00,Algemeen Dagblad,Trouw,3286186,3285370,"Esther Ouwehand, Vinex, Esther Ouwehand, Uranus, Neptunus, Castor, Waterman","Lucas Rijneveld, Scheffer Tytsjerk Smet, Frank Hendriks, Sigrid Kaag Trouw","['hoornespolder', 'neptunus', 'rijtjeswoningen', 'woonerven', 'woonkernen']","['tytsjerk', 'scheffer', 'lezersreacties', 'alsnog', 'viruswaarheid']",3286186_3285370
68,69,0.792494,"Na de doorrekeningen is iedere partij klimaatkampioen; Een juichtweet van D66'er Tjeerd de Groot maandagochtend. D66 meest natuurvriendelijke verkiezingsprogramma pakt stikstofcrisis het beste aan!, aldus het Tweede Kamerlid dat najaar 2019 nog een boerenopstand had ontketend met zijn oproep de veestapel te halveren. Om in een volgende zin direct een snoeiharde recensie te geven van de prestaties van twee voormalige coalitiepartijen. CDA/ChristenUnie onvoldoende. Dat kon het CDA natuurlijk niet over zijn kant laten gaan. Een paar uur later twitterde CDA-Kamerlid Jaco Geurts 1 koe minder in Nederland is 4 koeien in Afrika erbij. Geurts haalde het Planbureau voor de Leefomgeving PBL aan, dat zou waarschuwen voor zogeheten weglekeffecten. Een krimp van de veestapel in Nederland zou elders leiden tot een groei van het aantal dieren. Daarom, zei Geurts, is het veel verstandiger om het stikstofprobleem op te lossen met technische innovaties. Selectief winkelen Maandag presenteerden het Centraal Planbureau CPB en het PBL doorrekeningen van de verkiezingsprogramma's. Het CPB keek naar macro-economische effecten van de plannen, het PBL naar gevolgen voor klimaat en natuur. Over de eigen plannen niets dan lof, terwijl van de electorale opponenten vooral de minpunten werden benoemd.","Wekdienst 1/3: Verkiezingsprogramma's doorgerekend • Mbo-studenten naar school; Goedemorgen ! De verkiezingsprogramma's zijn doorgerekend, wat komt daar uit? En mbo-studenten en middelbare scholieren mogen vanaf vandaag weer naar school. Het weer vanochtend start de dag op veel plaatsen grijs met mist en lage bewolking. In de loop van de dag breekt de zon soms door, maar het noorden houdt lang last van hardnekkige wolkenvelden. De temperatuur ligt tussen 8 graden in het noorden en 12 graden in het zuidoosten. Daarbij staat een zwakke tot matige oostelijke wind. Later op de dag en in de nacht is het vooral in het noorden weer grijs. In het zuiden kunnen mistbanken ontstaan bij temperaturen rond het vriespunt. Ga je de weg op? Hier vind je het overzicht van de werkzaamheden. Check hier de dienstregeling voor het spoor. Wat kun je vandaag verwachten? Het Centraal Planbureau en Planbureau voor de Leefomgeving presenteren hun analyse en doorrekening van de verkiezingsprogramma's wat zijn de gevolgen voor de overheidsfinanci n en voor de klimaatdoelen? Alle mbo-studenten mogen vandaag weer n dag per week naar school voor lessen. Ook middelbare scholen gaan weer fysiek lesgeven. FvD-leider Baudet is de eerste.",high,2021-03-01 00:00:00,2021-03-01 07:00:58,Het Financieele Dagblad,NOS nieuws,3290580,6290568,"D66'er, CDA, Jaco Geurts, Planbureau voor de Leefomgeving PBL, Centraal Planbureau CPB, PBL, CPB, PBL","Planbureau, Baudet","['doorrekeningen', 'geurts', 'leefomgeving', 'snoeiharde', 'innovaties']","['wolkenvelden', 'klimaatdoelen', 'vriespunt', 'verkiezingsprogramma', 'leefomgeving']",3290580_6290568
71,72,0.6393073,"Vondelpark opnieuw dicht; Het Vondelpark is vanwege te grote drukte opnieuw gesloten . Dat meldt de gemeente Amsterdam op Twitter. Woensdag werd het park ontruimd, omdat er een feestende massa in het park aanwezig was. Daarop werd besloten vanaf donderdag de zij-ingangen te sluiten en de toestroom naar het park te controleren. Als dat niet voldoende effect zou hebben kon het park ook worden gesloten, meldde de gemeente. Dat is nu al drie dagen op rij gebeurd. In andere gemeenten waar het woensdag te druk was, zoals Utrecht en Tilburg, lijkt de drukte vandaag mee te vallen.","Lezersreacties; Vertaling Als schrijfster kan Marieke Lucas Rijneveld zich als geen ander inleven in een ander. Tot mijn verdriet geeft ze de opdracht terug voor de vertaling van het beroemd geworden gedicht The Hill We Climb Trouw, 27 februari. Uitgever, laat haar de vertaling afmaken, want ze is er al lang mee verbonden in haar hoofd of op papier. En zet een tweede kandidaat naast haar. Geef beide vertalingen naast elkaar uit en de lezer beslist welke gekozen wordt. Laten we nooit iemand buitensluiten om kleur, ras, etniciteit of wat dan ook. Toos Scheffer Tytsjerk Smet? Geen grote kop op de voorpagina nu de rechter in hoger beroep de regering alsnog in het gelijk stelt over de avondklok Trouw, 27 februari. En geen excuses voor eerdere artikelen waarin op basis van de uitspraak van de voorzieningenrechter die Viruswaarheid in het gelijk stelde, werd gesproken van de smet op het blazoen van Rutte. In plaats daarvan een wat weggestopt bericht over het hoger beroep. Frank Hendriks Nijmegen Kaag Dank voor het mooie interview met D66-lijsttrekker Sigrid Kaag Trouw, 27 februari.",medium,2021-02-27 17:18:07,2021-03-01 00:00:00,NOS liveblog,Trouw,3287534,3285370,,"Lucas Rijneveld, Scheffer Tytsjerk Smet, Frank Hendriks, Sigrid Kaag Trouw","['meldt', 'vondelpark', 'amsterdam', 'tilburg', 'toestroom']","['tytsjerk', 'scheffer', 'lezersreacties', 'alsnog', 'viruswaarheid']",3287534_3285370
76,77,0.7336279,"De uitzending van 28 februari: Leerachterstanden / Trump de 'onbetwiste leider' / Verkiezingsdebat; De worsteling met leerachterstanden Morgen gaan ook in het midden en het noorden van het land de basisscholen weer open. De scholen krijgen 180.000 euro van het kabinet, om de kinderen te helpen bij het inlopen van hun achterstand, na al die maanden thuisonderwijs. Nieuwsuur kijkt op twee zeer verschillende scholen hoe de leerlingen er voor staan. Trump nog steeds de onbetwiste leider Trump 2024-petjes, America First-mondkapjes en zelfs een gouden standbeeld van Donald Trump. Het is allemaal te zien bij de Conservatieve Politieke Actie Conferentie CPAC het jaarlijkse feestje voor conservatief Amerika. Het evenement in Florida ademt de idee n van voormalig president Donald Trump. We zijn aanwezig en spreken met enkele prominente Trump-aanhangers. Het tweede grote verkiezingsdebat De partijleiders van de VVD, PVV, CDA, D66, SP en GroenLinks staan vanavond tegenover elkaar in het RTL-verkiezingsdebat. Wordt het alle ballen op de tot dusver haast onoverwinnelijke Rutte? En hebben zijn tegenstanders daarbij ook een andere strategie voor ogen dan de afgelopen tijd? We schakelen met politiek duider Nynke de Zoeten.","Loyaal rolmodel van PostNL, maar wel 'over de rug van flexwerkers'; Profiel Herna Verhagen Herna Verhagen presenteert maandag als bestuursvoorzitter voor de negende keer de cijfers van PostNL, dat vooral profiteert van de coronacrisis. Op Valentijnsdag, ruim twee weken geleden, kreeg PostNL zelf eens een liefdesbrief, van Anna Dolanska. Deze 37-jarige Poolse werkt al negen jaar -'s nachts in het distributiecentrum van PostNL in Utrecht, zo meldde dagblad de Gelderlander onlangs. Maar ze is er niet in dienst. Ze werkt er via uitzendbureau Tempo Team, en wil dolgraag in dienst bij haar liefde PostNL. Ze grijpt dus naast de coronabonus van 250 euro, die het vaste personeel krijgt. Tweehonderd uitzendkrachten kregen een vaste baan, maar daar zat Anna Dolanska niet bij. De hartekreet van de Poolse was bedoeld voor Herna Verhagen 54, die maandag als bestuursvoorzitter alweer voor de negende keer de jaarcijfers presenteert van het beursgenoteerde post- en pakkettenbedrijf. Het wordt een bijeenkomst met twee gezichten. Financieel gaat het door de coronacrisis uitstekend met het beursgenoteerde post- en pakkettenbedrijf. De pakketjes zijn niet aan te slepen, waardoor omzet en winst sterk groeien. De beurskoers is hersteld. Verhagen een rolmodel.",high,2021-02-28 18:10:52,2021-03-01 00:00:00,Nieuwsuur,De Volkskrant,3287527,3285252,"Trump, Verkiezingsdebat, Trump, Trump, America First-mondkapjes, Politieke Actie, CPAC, VVD, PVV, CDA, D66, SP, GroenLinks, Nynke de Zoeten","Profiel Herna, Anna Dolanska, Tempo Team, Anna Dolanska","['leerachterstanden', 'nynke', 'mondkapjes', '2024', 'verkiezingsdebat']","['pakkettenbedrijf', 'valentijnsdag', 'flexwerkers', 'coronabonus', 'liefdesbrief']",3287527_3285252
86,87,0.6945119,"Ziekenhuisbezetting daalt met 55; De bezetting in de ziekenhuizen is de afgelopen dag afgenomen . Er lagen in totaal 1809 coronapati nten in het ziekenhuis, van wie 518 op de IC. Gisteren waren die aantallen 1864 en 525. In de afgelopen dag werden er ook 4993 nieuwe positieve coronagevallen gemeld bij het RIVM. Het gemiddeld aantal besmettingen per dag in de zeven voorgaande dagen stijgt daarmee van 4547 naar 4605.","Wekdienst 1/3: Verkiezingsprogramma's doorgerekend • Mbo-studenten naar school; Goedemorgen ! De verkiezingsprogramma's zijn doorgerekend, wat komt daar uit? En mbo-studenten en middelbare scholieren mogen vanaf vandaag weer naar school. Het weer vanochtend start de dag op veel plaatsen grijs met mist en lage bewolking. In de loop van de dag breekt de zon soms door, maar het noorden houdt lang last van hardnekkige wolkenvelden. De temperatuur ligt tussen 8 graden in het noorden en 12 graden in het zuidoosten. Daarbij staat een zwakke tot matige oostelijke wind. Later op de dag en in de nacht is het vooral in het noorden weer grijs. In het zuiden kunnen mistbanken ontstaan bij temperaturen rond het vriespunt. Ga je de weg op? Hier vind je het overzicht van de werkzaamheden. Check hier de dienstregeling voor het spoor. Wat kun je vandaag verwachten? Het Centraal Planbureau en Planbureau voor de Leefomgeving presenteren hun analyse en doorrekening van de verkiezingsprogramma's wat zijn de gevolgen voor de overheidsfinanci n en voor de klimaatdoelen? Alle mbo-studenten mogen vandaag weer n dag per week naar school voor lessen. Ook middelbare scholen gaan weer fysiek lesgeven. FvD-leider Baudet is de eerste.",medium,2021-02-27 15:20:11,2021-03-01 07:00:58,NOS liveblog,NOS nieuws,3287538,6290568,"IC, RIVM","Planbureau, Baudet","['4605', 'besmettingen', 'ziekenhuisbezetting', 'coronapati', '525']","['wolkenvelden', 'klimaatdoelen', 'vriespunt', 'verkiezingsprogramma', 'leefomgeving']",3287538_6290568
